package	version	license	classification
@biomejs/biome	2.5.9	MIT OR Apache-2.0	direct-or-transitive-dev
@biomejs/cli-darwin-arm64	2.5.9	MIT OR Apache-2.0	direct-or-transitive-dev
@biomejs/cli-darwin-x64	2.5.9	MIT OR Apache-2.0	direct-or-transitive-dev
@biomejs/cli-linux-arm64	2.5.9	MIT OR Apache-2.0	direct-or-transitive-dev
@biomejs/cli-linux-arm64-musl	2.5.9	MIT OR Apache-2.0	direct-or-transitive-dev
@biomejs/cli-linux-x64	2.5.9	MIT OR Apache-2.0	direct-or-transitive-dev
@biomejs/cli-linux-x64-musl	2.5.9	MIT OR Apache-2.0	direct-or-transitive-dev
@biomejs/cli-win32-arm64	2.5.9	MIT OR Apache-2.0	direct-or-transitive-dev
@biomejs/cli-win32-x64	2.5.9	MIT OR Apache-2.0	direct-or-transitive-dev
@hono/node-server	2.1.1	MIT	transitive-runtime-candidate
@modelcontextprotocol/sdk	1.30.0	MIT	direct-runtime
@types/body-parser	1.19.6	MIT	direct-or-transitive-dev
@types/bun	1.3.14	MIT	direct-or-transitive-dev
@types/connect	3.4.38	MIT	direct-or-transitive-dev
@types/express	5.0.6	MIT	direct-or-transitive-dev
@types/express-serve-static-core	5.1.3	MIT	direct-or-transitive-dev
@types/http-errors	2.0.5	MIT	direct-or-transitive-dev
@types/node	26.2.0	MIT	direct-or-transitive-dev
@types/qs	6.15.1	MIT	direct-or-transitive-dev
@types/range-parser	1.2.7	MIT	direct-or-transitive-dev
@types/send	1.2.1	MIT	direct-or-transitive-dev
@types/serve-static	2.2.0	MIT	direct-or-transitive-dev
accepts	2.0.0	MIT	transitive-runtime-candidate
ajv	8.20.0	MIT	transitive-runtime-candidate
ajv-formats	3.0.1	MIT	transitive-runtime-candidate
body-parser	2.3.0	MIT	transitive-runtime-candidate
bun-types	1.3.14	MIT	direct-or-transitive-dev
bytes	3.1.2	MIT	transitive-runtime-candidate
call-bind-apply-helpers	1.0.2	MIT	transitive-runtime-candidate
call-bound	1.0.4	MIT	transitive-runtime-candidate
content-disposition	1.1.0	MIT	transitive-runtime-candidate
content-type	1.0.5	MIT	transitive-runtime-candidate
content-type	2.1.0	MIT	transitive-runtime-candidate
cookie	0.7.2	MIT	transitive-runtime-candidate
cookie-signature	1.2.2	MIT	transitive-runtime-candidate
cors	2.8.6	MIT	transitive-runtime-candidate
cross-spawn	7.0.6	MIT	transitive-runtime-candidate
debug	4.4.3	MIT	transitive-runtime-candidate
depd	2.0.0	MIT	transitive-runtime-candidate
dunder-proto	1.0.1	MIT	transitive-runtime-candidate
ee-first	1.1.1	MIT	transitive-runtime-candidate
encodeurl	2.0.0	MIT	transitive-runtime-candidate
es-define-property	1.0.1	MIT	transitive-runtime-candidate
es-errors	1.3.0	MIT	transitive-runtime-candidate
es-object-atoms	1.1.2	MIT	transitive-runtime-candidate
escape-html	1.0.3	MIT	transitive-runtime-candidate
etag	1.8.1	MIT	transitive-runtime-candidate
eventsource	3.0.7	MIT	transitive-runtime-candidate
eventsource-parser	3.1.1	MIT	transitive-runtime-candidate
express	5.2.1	MIT	direct-runtime
express-rate-limit	8.6.2	MIT	transitive-runtime-candidate
fast-deep-equal	3.1.3	MIT	transitive-runtime-candidate
fast-uri	3.1.6	BSD-3-Clause	override-pinned-transitive
finalhandler	2.1.1	MIT	transitive-runtime-candidate
forwarded	0.2.0	MIT	transitive-runtime-candidate
fresh	2.0.0	MIT	transitive-runtime-candidate
function-bind	1.1.2	MIT	transitive-runtime-candidate
get-intrinsic	1.3.0	MIT	transitive-runtime-candidate
get-proto	1.0.1	MIT	transitive-runtime-candidate
gopd	1.2.0	MIT	transitive-runtime-candidate
has-symbols	1.1.0	MIT	transitive-runtime-candidate
hasown	2.0.4	MIT	transitive-runtime-candidate
hono	4.13.8	MIT	override-pinned-transitive
http-errors	2.0.1	MIT	transitive-runtime-candidate
iconv-lite	0.7.3	MIT	transitive-runtime-candidate
inherits	2.0.4	ISC	transitive-runtime-candidate
ip-address	10.5.0	MIT	transitive-runtime-candidate
ipaddr.js	1.9.1	MIT	transitive-runtime-candidate
is-promise	4.0.0	MIT	transitive-runtime-candidate
isexe	2.0.0	ISC	transitive-runtime-candidate
jose	6.2.9	MIT	transitive-runtime-candidate
json-schema-traverse	1.0.0	MIT	transitive-runtime-candidate
json-schema-typed	8.0.2	BSD-2-Clause	transitive-runtime-candidate
math-intrinsics	1.1.0	MIT	transitive-runtime-candidate
media-typer	1.1.1	MIT	transitive-runtime-candidate
merge-descriptors	2.0.0	MIT	transitive-runtime-candidate
mime-db	1.54.0	MIT	transitive-runtime-candidate
mime-types	3.0.2	MIT	transitive-runtime-candidate
ms	2.1.3	MIT	transitive-runtime-candidate
negotiator	1.0.0	MIT	transitive-runtime-candidate
object-assign	4.1.1	MIT	transitive-runtime-candidate
object-inspect	1.13.4	MIT	transitive-runtime-candidate
on-finished	2.4.1	MIT	transitive-runtime-candidate
once	1.4.0	ISC	transitive-runtime-candidate
parseurl	1.3.3	MIT	transitive-runtime-candidate
path-key	3.1.1	MIT	transitive-runtime-candidate
path-to-regexp	8.4.2	MIT	transitive-runtime-candidate
pkce-challenge	5.0.1	MIT	transitive-runtime-candidate
postgres	3.4.9	Unlicense	direct-runtime
proxy-addr	2.0.7	MIT	transitive-runtime-candidate
qs	6.16.0	BSD-3-Clause	override-pinned-transitive
range-parser	1.3.0	MIT	transitive-runtime-candidate
raw-body	3.0.2	MIT	transitive-runtime-candidate
require-from-string	2.0.2	MIT	transitive-runtime-candidate
router	2.2.0	MIT	transitive-runtime-candidate
safer-buffer	2.1.2	MIT	transitive-runtime-candidate
send	1.2.1	MIT	transitive-runtime-candidate
serve-static	2.2.1	MIT	transitive-runtime-candidate
setprototypeof	1.2.0	ISC	transitive-runtime-candidate
shebang-command	2.0.0	MIT	transitive-runtime-candidate
shebang-regex	3.0.0	MIT	transitive-runtime-candidate
side-channel	1.1.1	MIT	transitive-runtime-candidate
side-channel-list	1.0.1	MIT	transitive-runtime-candidate
side-channel-map	1.0.1	MIT	transitive-runtime-candidate
side-channel-weakmap	1.0.2	MIT	transitive-runtime-candidate
statuses	2.0.2	MIT	transitive-runtime-candidate
toidentifier	1.0.1	MIT	transitive-runtime-candidate
type-is	2.1.0	MIT	transitive-runtime-candidate
typescript	5.9.3	Apache-2.0	direct-or-transitive-dev
undici-types	8.3.0	MIT	transitive-runtime-candidate
unpipe	1.0.0	MIT	transitive-runtime-candidate
vary	1.1.2	MIT	transitive-runtime-candidate
which	2.0.2	ISC	transitive-runtime-candidate
wrappy	1.0.2	ISC	transitive-runtime-candidate
zod	3.25.76	MIT	direct-runtime
zod-to-json-schema	3.25.2	ISC	transitive-runtime-candidate
